client_id,client_key,client_firstname,client_lastname,client_marital_status,client_gender,client_create_dt
1001,CL00001001,James,Murphy,S,M,2025-01-05
1002,CL00001002,Sarah,O'Brien,M,F,2025-01-05
1003,CL00001003,Liam,Walsh,S,M,2025-01-06
1004,CL00001004,Emma,Kelly,M,F,2025-01-06
1005,CL00001005,Conor,Ryan,S,M,2025-01-07
1006,CL00001006,Aoife,Byrne,S,F,2025-01-07
1007,CL00001007,Patrick,Doyle,M,M,2025-01-08
1008,CL00001008,Niamh,Fitzpatrick,S,F,2025-01-08
1009,CL00001009,Sean,McCarthy,M,M,2025-01-09
1010,CL00001010,Ciara,Brennan,S,F,2025-01-09
1011,CL00001011,Declan,Nolan,M,M,2025-01-10
1012,CL00001012,Sinead,Healy,S,F,2025-01-10
1013,CL00001013,Brian,Collins,M,M,2025-01-11
1014,CL00001014,Orla,Dempsey,S,F,2025-01-11
1015,CL00001015,Eoin,Gallagher,S,M,2025-01-12
1016,CL00001016,Roisin,Sheridan,M,F,2025-01-12
1017,CL00001017,Cian,Dunne,S,M,2025-01-13
1018,CL00001018,Aisling,Power,S,F,2025-01-13
1019,CL00001019,Fergus,Hogan,M,M,2025-01-14
1020,CL00001020,Maeve,Quinn,S,F,2025-01-14
1021,CL00001021,Darragh,Reilly,S,M,2025-01-15
1022,CL00001022,Grainne,Farrell,M,F,2025-01-15
1023,CL00001023,Kevin,Moran,M,M,2025-01-16
1024,CL00001024,Fiona,Barry,S,F,2025-01-16
1025,CL00001025,Ronan,Higgins,S,M,2025-01-17
1026,CL00001026,Clodagh,Fleming,M,F,2025-01-17
1027,CL00001027,Cathal,Kavanagh,S,M,2025-01-18
1028,CL00001028,Sorcha,Lyons,S,F,2025-01-18
1029,CL00001029,Donal,O'Connor,M,M,2025-01-19
1030,CL00001030,Ailbhe,Cullen,S,F,2025-01-19
1031,CL00001031,Shane,Buckley,M,M,2025-01-20
1032,CL00001032,Eimear,Carroll,S,F,2025-01-20
1033,CL00001033,Tadhg,O'Sullivan,S,M,2025-01-21
1034,CL00001034,Muireann,Cronin,M,F,2025-01-21
1035,CL00001035,Brendan,Foley,S,M,2025-01-22
1036,CL00001036,Caoimhe,Donnelly,S,F,2025-01-22
1037,CL00001037,Colm,Whelan,M,M,2025-01-23
1038,CL00001038,Siobhan,Kearney,S,F,2025-01-23
1039,CL00001039,Ruairi,Phelan,S,M,2025-01-24
1040,CL00001040,Deirdre,Dwyer,M,F,2025-01-24
1041,CL00001041,Killian,Madden,S,M,2025-01-25
1042,CL00001042,Nuala,Connolly,M,F,2025-01-25
1043,CL00001043,Padraig,Burke,S,M,2025-01-26
1044,CL00001044,Blathnaid,Regan,S,F,2025-01-26
1045,CL00001045,Seamus,Keane,M,M,2025-01-27
1046,CL00001046,Treasa,Flanagan,S,F,2025-01-27
1047,CL00001047,Fionn,Hennessy,S,M,2025-01-28
1048,CL00001048,Laoise,Stapleton,M,F,2025-01-28
1049,CL00001049,Aidan,Dillon,S,M,2025-01-29
1050,CL00001050,Eabha,O'Leary,S,F,2025-01-29
1051,CL00001051,Micheal,Tully,M,M,2025-01-30
1052,CL00001052,Ide,Molloy,S,F,2025-01-30
1053,CL00001053,Tiernan,Coyne,S,M,2025-02-01
1054,CL00001054,Sadhbh,Kinsella,M,F,2025-02-01
1055,CL00001055,Lorcan,Delaney,S,M,2025-02-02
1056,CL00001056,Meadhbh,Tobin,S,F,2025-02-02
1057,CL00001057,Cormac,Hanlon,M,M,2025-02-03
1058,CL00001058,Aoibhin,Savage,S,F,2025-02-03
1059,CL00001059,Diarmuid,O'Dwyer,S,M,2025-02-04
1060,CL00001060,Blaithin,Mulcahy,M,F,2025-02-04
1061,CL00001061,Niall,Carty,S,M,2025-02-05
1062,CL00001062,Cliona,Smyth,S,F,2025-02-05
1063,CL00001063,Eanna,Thornton,M,M,2025-02-06
1064,CL00001064,Riona,Boyle,S,F,2025-02-06
1065,CL00001065,Oisin,Fagan,S,M,2025-02-07
1066,CL00001066,Aoibheann,Grogan,M,F,2025-02-07
1067,CL00001067,Cillian,O'Shea,S,M,2025-02-08
1068,CL00001068,Saoirse,Mullen,S,F,2025-02-08
1069,CL00001069,Fiachra,Clifford,M,M,2025-02-09
1070,CL00001070,Aoife,Noonan,S,F,2025-02-09
1071,CL00001071,Donagh,Quigley,S,M,2025-02-10
1072,CL00001072,Eilis,Durkan,M,F,2025-02-10
1073,CL00001073,Turlough,Meehan,S,M,2025-02-11
1074,CL00001074,Attracta,Gibney,S,F,2025-02-11
1075,CL00001075,Fionnbarra,Mellett,M,M,2025-02-12
1076,CL00001076,Rosaleen,Banville,S,F,2025-02-12
1077,CL00001077,Killian,Harrington,S,M,2025-02-13
1078,CL00001078,Naoise,Redmond,M,F,2025-02-13
1079,CL00001079,Colman,Sherlock,S,M,2025-02-14
1080,CL00001080,Beibhinn,Costello,S,F,2025-02-14
1081,CL00001081,Ultan,Fearon,M,M,2025-02-15
1082,CL00001082,Saraid,Monaghan,S,F,2025-02-15
1083,CL00001083,Peadar,Breathnach,S,M,2025-02-16
1084,CL00001084,Liadan,Lennon,M,F,2025-02-16
1085,CL00001085,Carthach,Hynes,S,M,2025-02-17
1086,CL00001086,Eithne,Laffey,S,F,2025-02-17
1087,CL00001087,Malachy,Crean,M,M,2025-02-18
1088,CL00001088,Orfhlaith,Treacy,S,F,2025-02-18
1089,CL00001089,Senan,Halligan,S,M,2025-02-19
1090,CL00001090,Catriona,Naughton,M,F,2025-02-19
1091,CL00001091,Fionntán,McGrath,S,M,2025-02-20
1092,CL00001092,Aifric,O'Callaghan,S,F,2025-02-20
1093,CL00001093,Barra,Sugrue,M,M,2025-02-21
1094,CL00001094,Caitlin,Moriarty,S,F,2025-02-21
1095,CL00001095,Diarmait,Spillane,S,M,2025-02-22
1096,CL00001096,Finnuala,Quirke,M,F,2025-02-22
1097,CL00001097,Gearoid,O'Mahony,S,M,2025-02-23
1098,CL00001098,Honora,Cussen,S,F,2025-02-23
1099,CL00001099,Iarlaith,Gleeson,M,M,2025-02-24
1100,CL00001100,Jobhina,Scully,S,F,2025-02-24